{
  "family": {
    "name": "wingA",
    "AR": 6.5,
    "taper": 0.5,
    "dihedral_deg": 10.0,
    "twist_root_deg": 2.0,
    "twist_tip_deg": -1.0,
    "airfoil_main": "sg6043",
    "tail_AR": 3.0,
    "tail_span_frac": 0.35,
    "tail_airfoil": "naca0008",
    "boom_length_m": 0.6
  },
  "geometry": {
    "S_ref": 0.23867578021414373,
    "b": 1.214287075391928,
    "c_mac": 0.20383616769196822,
    "AR": 6.177807820051715,
    "taper": 0.5,
    "dihedral_deg": 10.0
  },
  "mission": {
    "climb": {
      "velocity": 12.0,
      "alpha": 7.0,
      "CL": 1.3319846685770724,
      "CD": 0.13662713161423984,
      "CM": -0.6080582556515568,
      "L": 28.0398807365213,
      "D": 2.8761655942548194,
      "Re_mac": 165546.5008327035
    },
    "cruise": {
      "velocity": 18.0,
      "alpha": 4.0,
      "CL": 1.1264831121086625,
      "CD": 0.09789392223679261,
      "CM": -0.4723196141582944,
      "L": 53.356107570813435,
      "D": 4.6367660458022995,
      "Re_mac": 248319.75124905526
    },
    "W": 15.696000000000002
  }
}