{
  "family": {
    "name": "wingA",
    "AR": 8.5,
    "taper": 0.7,
    "dihedral_deg": 10.0,
    "twist_root_deg": 2.0,
    "twist_tip_deg": -1.0,
    "airfoil_main": "sg6043",
    "tail_AR": 3.0,
    "tail_span_frac": 0.35,
    "tail_airfoil": "naca0008",
    "boom_length_m": 0.6
  },
  "geometry": {
    "S_ref": 0.27171403629807483,
    "b": 1.388585598184358,
    "c_mac": 0.1977080833817316,
    "AR": 7.096320785466441,
    "taper": 0.7,
    "dihedral_deg": 10.0
  },
  "mission": {
    "climb": {
      "velocity": 12.0,
      "alpha": 7.0,
      "CL": 1.3644737626895103,
      "CD": 0.12787363295944468,
      "CM": -0.7141156596383605,
      "L": 32.69985660121721,
      "D": 3.064514375570316,
      "Re_mac": 160569.54838184832
    },
    "cruise": {
      "velocity": 18.0,
      "alpha": 4.0,
      "CL": 1.1424490942250343,
      "CD": 0.0900879998966628,
      "CM": -0.5432365471488939,
      "L": 61.60274077667445,
      "D": 4.857693644973949,
      "Re_mac": 240854.32257277248
    },
    "W": 15.696000000000002
  }
}