{
  "family": {
    "name": "wingA",
    "AR": 7.5,
    "taper": 0.5,
    "dihedral_deg": 5.0,
    "twist_root_deg": 2.0,
    "twist_tip_deg": -1.0,
    "airfoil_main": "sg6043",
    "tail_AR": 3.0,
    "tail_span_frac": 0.35,
    "tail_airfoil": "naca0008",
    "boom_length_m": 0.6
  },
  "geometry": {
    "S_ref": 0.24454102102262504,
    "b": 1.2894417250591874,
    "c_mac": 0.19667278555273549,
    "AR": 6.799104523939087,
    "taper": 0.5,
    "dihedral_deg": 5.0
  },
  "mission": {
    "climb": {
      "velocity": 12.0,
      "alpha": 7.0,
      "CL": 1.3831192590887513,
      "CD": 0.132820604444697,
      "CM": -0.6763667034570775,
      "L": 29.831832710761276,
      "D": 2.86474360493461,
      "Re_mac": 159728.72638813325
    },
    "cruise": {
      "velocity": 18.0,
      "alpha": 4.0,
      "CL": 1.166708315264739,
      "CD": 0.09458975538156213,
      "CM": -0.5236728463943576,
      "L": 56.619381063977045,
      "D": 4.590361905050614,
      "Re_mac": 239593.08958219987
    },
    "W": 15.696000000000002
  }
}