{
  "family": {
    "name": "wingA",
    "AR": 8.5,
    "taper": 0.7,
    "dihedral_deg": 10.0,
    "twist_root_deg": 2.0,
    "twist_tip_deg": -1.0,
    "airfoil_main": "ag13",
    "tail_AR": 3.0,
    "tail_span_frac": 0.35,
    "tail_airfoil": "naca0008",
    "boom_length_m": 0.6
  },
  "geometry": {
    "S_ref": 0.27171403629807483,
    "b": 1.388585598184358,
    "c_mac": 0.1977080833817316,
    "AR": 7.096320785466441,
    "taper": 0.7,
    "dihedral_deg": 10.0
  },
  "mission": {
    "climb": {
      "velocity": 12.0,
      "alpha": 7.0,
      "CL": 0.9302835414735087,
      "CD": 0.0748728005259736,
      "CM": -0.5902341685011382,
      "L": 22.29441066326933,
      "D": 1.7943399920750265,
      "Re_mac": 160569.54838184832
    },
    "cruise": {
      "velocity": 18.0,
      "alpha": 4.0,
      "CL": 0.6708737359086836,
      "CD": 0.04015677806298082,
      "CM": -0.4176730942196788,
      "L": 36.17461911954675,
      "D": 2.1653197520527625,
      "Re_mac": 240854.32257277248
    },
    "W": 15.696000000000002
  }
}