{
  "family": {
    "name": "wingA",
    "AR": 6.5,
    "taper": 0.5,
    "dihedral_deg": 10.0,
    "twist_root_deg": 3.0,
    "twist_tip_deg": -2.0,
    "airfoil_main": "naca4412",
    "tail_AR": 3.0,
    "tail_span_frac": 0.35,
    "tail_airfoil": "naca0008",
    "boom_length_m": 0.6
  },
  "geometry": {
    "S_ref": 0.23867990325695174,
    "b": 1.2143080517875577,
    "c_mac": 0.20383616769196822,
    "AR": 6.177914539577587,
    "taper": 0.5,
    "dihedral_deg": 10.0
  },
  "mission": {
    "climb": {
      "velocity": 12.0,
      "alpha": 7.0,
      "CL": 1.155618514278138,
      "CD": 0.10881862972399824,
      "CM": -0.5466728335062361,
      "L": 24.32758111974462,
      "D": 2.2908027253298755,
      "Re_mac": 165546.5008327035
    },
    "cruise": {
      "velocity": 18.0,
      "alpha": 4.0,
      "CL": 0.9200503108039771,
      "CD": 0.07085637208440161,
      "CM": -0.40770684456599443,
      "L": 43.57912768012429,
      "D": 3.3561848191956334,
      "Re_mac": 248319.75124905526
    },
    "W": 15.696000000000002
  }
}