{
  "family": {
    "name": "wingA",
    "AR": 8.5,
    "taper": 0.5,
    "dihedral_deg": 5.0,
    "twist_root_deg": 3.0,
    "twist_tip_deg": -2.0,
    "airfoil_main": "naca4412",
    "tail_AR": 3.0,
    "tail_span_frac": 0.35,
    "tail_airfoil": "naca0008",
    "boom_length_m": 0.6
  },
  "geometry": {
    "S_ref": 0.25231646427054244,
    "b": 1.372729617893018,
    "c_mac": 0.19061402558240498,
    "AR": 7.468345790626674,
    "taper": 0.5,
    "dihedral_deg": 5.0
  },
  "mission": {
    "climb": {
      "velocity": 12.0,
      "alpha": 7.0,
      "CL": 1.2379503907355154,
      "CD": 0.10434341378716075,
      "CM": -0.6940267630430988,
      "L": 27.54973441998606,
      "D": 2.322090901076461,
      "Re_mac": 154808.07602548916
    },
    "cruise": {
      "velocity": 18.0,
      "alpha": 4.0,
      "CL": 0.9790373034577816,
      "CD": 0.06722672696564624,
      "CM": -0.5108773645458156,
      "L": 49.0225539517507,
      "D": 3.3661902749092967,
      "Re_mac": 232212.11403823367
    },
    "W": 15.696000000000002
  }
}