{
  "family": {
    "name": "wingA",
    "AR": 8.5,
    "taper": 0.5,
    "dihedral_deg": 10.0,
    "twist_root_deg": 2.0,
    "twist_tip_deg": -1.0,
    "airfoil_main": "naca4412",
    "tail_AR": 3.0,
    "tail_span_frac": 0.35,
    "tail_airfoil": "naca0008",
    "boom_length_m": 0.6
  },
  "geometry": {
    "S_ref": 0.25523083941869706,
    "b": 1.3885852977634905,
    "c_mac": 0.19061402558240498,
    "AR": 7.554608735983621,
    "taper": 0.5,
    "dihedral_deg": 10.0
  },
  "mission": {
    "climb": {
      "velocity": 12.0,
      "alpha": 7.0,
      "CL": 1.195407777083683,
      "CD": 0.09948543892633797,
      "CM": -0.7036608423182982,
      "L": 26.91025486063677,
      "D": 2.2395525340828164,
      "Re_mac": 154808.07602548916
    },
    "cruise": {
      "velocity": 18.0,
      "alpha": 4.0,
      "CL": 0.9386550851738719,
      "CD": 0.06345607020695415,
      "CM": -0.5126318632374247,
      "L": 47.54340578847517,
      "D": 3.2140854966255814,
      "Re_mac": 232212.11403823367
    },
    "W": 15.696000000000002
  }
}