{
  "family": {
    "name": "wingA",
    "AR": 8.5,
    "taper": 0.5,
    "dihedral_deg": 5.0,
    "twist_root_deg": 2.0,
    "twist_tip_deg": -1.0,
    "airfoil_main": "ag13",
    "tail_AR": 3.0,
    "tail_span_frac": 0.35,
    "tail_airfoil": "naca0008",
    "boom_length_m": 0.6
  },
  "geometry": {
    "S_ref": 0.2523134817643538,
    "b": 1.3727133915457104,
    "c_mac": 0.19061402558240498,
    "AR": 7.468257511062342,
    "taper": 0.5,
    "dihedral_deg": 5.0
  },
  "mission": {
    "climb": {
      "velocity": 12.0,
      "alpha": 7.0,
      "CL": 0.9838998893449961,
      "CD": 0.07878089677372344,
      "CM": -0.641496343554896,
      "L": 21.895756438719097,
      "D": 1.7531939442839743,
      "Re_mac": 154808.07602548916
    },
    "cruise": {
      "velocity": 18.0,
      "alpha": 4.0,
      "CL": 0.7146172023350958,
      "CD": 0.04226618416491944,
      "CM": -0.4568833440782595,
      "L": 35.78203418057666,
      "D": 2.116335908973151,
      "Re_mac": 232212.11403823367
    },
    "W": 15.696000000000002
  }
}