{
  "family": {
    "name": "wingA",
    "AR": 6.5,
    "taper": 0.5,
    "dihedral_deg": 10.0,
    "twist_root_deg": 3.0,
    "twist_tip_deg": -2.0,
    "airfoil_main": "sg6043",
    "tail_AR": 3.0,
    "tail_span_frac": 0.35,
    "tail_airfoil": "naca0008",
    "boom_length_m": 0.6
  },
  "geometry": {
    "S_ref": 0.23867990325695174,
    "b": 1.2143080517875577,
    "c_mac": 0.20383616769196822,
    "AR": 6.177914539577587,
    "taper": 0.5,
    "dihedral_deg": 10.0
  },
  "mission": {
    "climb": {
      "velocity": 12.0,
      "alpha": 7.0,
      "CL": 1.3474690601471078,
      "CD": 0.1397007922794271,
      "CM": -0.6059615146467325,
      "L": 28.366335829736496,
      "D": 2.940920653900474,
      "Re_mac": 165546.5008327035
    },
    "cruise": {
      "velocity": 18.0,
      "alpha": 4.0,
      "CL": 1.1481727675338682,
      "CD": 0.10117912407253729,
      "CM": -0.47111462751476463,
      "L": 54.384382079580305,
      "D": 4.792453102556117,
      "Re_mac": 248319.75124905526
    },
    "W": 15.696000000000002
  }
}