{
  "family": {
    "name": "wingA",
    "AR": 6.5,
    "taper": 0.7,
    "dihedral_deg": 10.0,
    "twist_root_deg": 2.0,
    "twist_tip_deg": -1.0,
    "airfoil_main": "naca4412",
    "tail_AR": 3.0,
    "tail_span_frac": 0.35,
    "tail_airfoil": "naca0008",
    "boom_length_m": 0.6
  },
  "geometry": {
    "S_ref": 0.25408985335376233,
    "b": 1.214287468248522,
    "c_mac": 0.21142231226229485,
    "AR": 5.803041861307653,
    "taper": 0.7,
    "dihedral_deg": 10.0
  },
  "mission": {
    "climb": {
      "velocity": 12.0,
      "alpha": 7.0,
      "CL": 1.0979772262429115,
      "CD": 0.10459316696243415,
      "CM": -0.5063883354665425,
      "L": 24.606465745841593,
      "D": 2.3440087085566197,
      "Re_mac": 171707.62377103505
    },
    "cruise": {
      "velocity": 18.0,
      "alpha": 4.0,
      "CL": 0.8673904038659925,
      "CD": 0.06739582800239603,
      "CM": -0.3804960776774895,
      "L": 43.737407697950054,
      "D": 3.3983760868734745,
      "Re_mac": 257561.4356565526
    },
    "W": 15.696000000000002
  }
}