{
  "family": {
    "name": "wingA",
    "AR": 6.5,
    "taper": 0.7,
    "dihedral_deg": 5.0,
    "twist_root_deg": 2.0,
    "twist_tip_deg": -1.0,
    "airfoil_main": "ag13",
    "tail_AR": 3.0,
    "tail_span_frac": 0.35,
    "tail_airfoil": "naca0008",
    "boom_length_m": 0.6
  },
  "geometry": {
    "S_ref": 0.2511855608171578,
    "b": 1.200407944982331,
    "c_mac": 0.21142231226229485,
    "AR": 5.73671205338756,
    "taper": 0.7,
    "dihedral_deg": 5.0
  },
  "mission": {
    "climb": {
      "velocity": 12.0,
      "alpha": 7.0,
      "CL": 0.8899067096033538,
      "CD": 0.0779051024527187,
      "CM": -0.4467504744558061,
      "L": 19.7154973447323,
      "D": 1.7259537701791978,
      "Re_mac": 171707.62377103505
    },
    "cruise": {
      "velocity": 18.0,
      "alpha": 4.0,
      "CL": 0.6437722533098528,
      "CD": 0.04227814184588351,
      "CM": -0.32504590140177425,
      "L": 32.090614140778605,
      "D": 2.107471282879828,
      "Re_mac": 257561.4356565526
    },
    "W": 15.696000000000002
  }
}