{
  "family": {
    "name": "wingA",
    "AR": 7.5,
    "taper": 0.5,
    "dihedral_deg": 10.0,
    "twist_root_deg": 3.0,
    "twist_tip_deg": -2.0,
    "airfoil_main": "naca4412",
    "tail_AR": 3.0,
    "tail_span_frac": 0.35,
    "tail_airfoil": "naca0008",
    "boom_length_m": 0.6
  },
  "geometry": {
    "S_ref": 0.2473719490581418,
    "b": 1.3043689414189221,
    "c_mac": 0.19667278555273549,
    "AR": 6.877814327033623,
    "taper": 0.5,
    "dihedral_deg": 10.0
  },
  "mission": {
    "climb": {
      "velocity": 12.0,
      "alpha": 7.0,
      "CL": 1.1882901459842925,
      "CD": 0.10534909080179711,
      "CM": -0.6245876721136212,
      "L": 25.926359082258955,
      "D": 2.298528155221275,
      "Re_mac": 159728.72638813325
    },
    "cruise": {
      "velocity": 18.0,
      "alpha": 4.0,
      "CL": 0.9431770479944048,
      "CD": 0.06827792028680944,
      "CM": -0.46032996949859056,
      "L": 46.30146983961872,
      "D": 3.351828878357473,
      "Re_mac": 239593.08958219987
    },
    "W": 15.696000000000002
  }
}