{
  "family": {
    "name": "wingA",
    "AR": 8.5,
    "taper": 0.5,
    "dihedral_deg": 5.0,
    "twist_root_deg": 3.0,
    "twist_tip_deg": -2.0,
    "airfoil_main": "sg6043",
    "tail_AR": 3.0,
    "tail_span_frac": 0.35,
    "tail_airfoil": "naca0008",
    "boom_length_m": 0.6
  },
  "geometry": {
    "S_ref": 0.25231646427054244,
    "b": 1.372729617893018,
    "c_mac": 0.19061402558240498,
    "AR": 7.468345790626674,
    "taper": 0.5,
    "dihedral_deg": 5.0
  },
  "mission": {
    "climb": {
      "velocity": 12.0,
      "alpha": 7.0,
      "CL": 1.425174208315932,
      "CD": 0.13052561182897446,
      "CM": -0.7514249541012693,
      "L": 31.71627169808477,
      "D": 2.9047577090370664,
      "Re_mac": 154808.07602548916
    },
    "cruise": {
      "velocity": 18.0,
      "alpha": 4.0,
      "CL": 1.2102412379397178,
      "CD": 0.09357633344145364,
      "CM": -0.5745568018406353,
      "L": 60.59944413966018,
      "D": 4.68557310180009,
      "Re_mac": 232212.11403823367
    },
    "W": 15.696000000000002
  }
}