{
  "family": {
    "name": "wingA",
    "AR": 7.5,
    "taper": 0.5,
    "dihedral_deg": 5.0,
    "twist_root_deg": 2.0,
    "twist_tip_deg": -1.0,
    "airfoil_main": "naca4412",
    "tail_AR": 3.0,
    "tail_span_frac": 0.35,
    "tail_airfoil": "naca0008",
    "boom_length_m": 0.6
  },
  "geometry": {
    "S_ref": 0.24454102102262504,
    "b": 1.2894417250591874,
    "c_mac": 0.19667278555273549,
    "AR": 6.799104523939087,
    "taper": 0.5,
    "dihedral_deg": 5.0
  },
  "mission": {
    "climb": {
      "velocity": 12.0,
      "alpha": 7.0,
      "CL": 1.1876957272546558,
      "CD": 0.10421723252303014,
      "CM": -0.6181098104728122,
      "L": 25.616836736182933,
      "D": 2.247811261231269,
      "Re_mac": 159728.72638813325
    },
    "cruise": {
      "velocity": 18.0,
      "alpha": 4.0,
      "CL": 0.9343726888349843,
      "CD": 0.06661771615864488,
      "CM": -0.4602589515662968,
      "L": 45.34432696909031,
      "D": 3.2329021808182623,
      "Re_mac": 239593.08958219987
    },
    "W": 15.696000000000002
  }
}