{
  "family": {
    "name": "wingA",
    "AR": 7.5,
    "taper": 0.5,
    "dihedral_deg": 10.0,
    "twist_root_deg": 3.0,
    "twist_tip_deg": -2.0,
    "airfoil_main": "ag13",
    "tail_AR": 3.0,
    "tail_span_frac": 0.35,
    "tail_airfoil": "naca0008",
    "boom_length_m": 0.6
  },
  "geometry": {
    "S_ref": 0.2473719490581418,
    "b": 1.3043689414189221,
    "c_mac": 0.19667278555273549,
    "AR": 6.877814327033623,
    "taper": 0.5,
    "dihedral_deg": 10.0
  },
  "mission": {
    "climb": {
      "velocity": 12.0,
      "alpha": 7.0,
      "CL": 0.9610247224504773,
      "CD": 0.08151673405283973,
      "CM": -0.5686099911447586,
      "L": 20.967835276072947,
      "D": 1.7785488884251555,
      "Re_mac": 159728.72638813325
    },
    "cruise": {
      "velocity": 18.0,
      "alpha": 4.0,
      "CL": 0.7088158598247224,
      "CD": 0.04473063421015563,
      "CM": -0.40522259480251666,
      "L": 34.796453354442185,
      "D": 2.195869921975481,
      "Re_mac": 239593.08958219987
    },
    "W": 15.696000000000002
  }
}