{
  "family": {
    "name": "wingA",
    "AR": 6.5,
    "taper": 0.7,
    "dihedral_deg": 5.0,
    "twist_root_deg": 2.0,
    "twist_tip_deg": -1.0,
    "airfoil_main": "sg6043",
    "tail_AR": 3.0,
    "tail_span_frac": 0.35,
    "tail_airfoil": "naca0008",
    "boom_length_m": 0.6
  },
  "geometry": {
    "S_ref": 0.2511855608171578,
    "b": 1.200407944982331,
    "c_mac": 0.21142231226229485,
    "AR": 5.73671205338756,
    "taper": 0.7,
    "dihedral_deg": 5.0
  },
  "mission": {
    "climb": {
      "velocity": 12.0,
      "alpha": 7.0,
      "CL": 1.3287699128216526,
      "CD": 0.141601451043108,
      "CM": -0.5607368146942117,
      "L": 29.43832134906821,
      "D": 3.1371187585437608,
      "Re_mac": 171707.62377103505
    },
    "cruise": {
      "velocity": 18.0,
      "alpha": 4.0,
      "CL": 1.1175684419352934,
      "CD": 0.10061460309349969,
      "CM": -0.4441653196870699,
      "L": 55.708299731264226,
      "D": 5.015414050855416,
      "Re_mac": 257561.4356565526
    },
    "W": 15.696000000000002
  }
}