{
  "family": {
    "name": "wingA",
    "AR": 6.5,
    "taper": 0.5,
    "dihedral_deg": 10.0,
    "twist_root_deg": 2.0,
    "twist_tip_deg": -1.0,
    "airfoil_main": "ag13",
    "tail_AR": 3.0,
    "tail_span_frac": 0.35,
    "tail_airfoil": "naca0008",
    "boom_length_m": 0.6
  },
  "geometry": {
    "S_ref": 0.23867578021414373,
    "b": 1.214287075391928,
    "c_mac": 0.20383616769196822,
    "AR": 6.177807820051715,
    "taper": 0.5,
    "dihedral_deg": 10.0
  },
  "mission": {
    "climb": {
      "velocity": 12.0,
      "alpha": 7.0,
      "CL": 0.9071612410602714,
      "CD": 0.07835058625474493,
      "CM": -0.4927873379274895,
      "L": 19.096836178526047,
      "D": 1.649374160264557,
      "Re_mac": 165546.5008327035
    },
    "cruise": {
      "velocity": 18.0,
      "alpha": 4.0,
      "CL": 0.6625331870669059,
      "CD": 0.042926045972199595,
      "CM": -0.35427094188698544,
      "L": 31.381022598912917,
      "D": 2.0332011211380077,
      "Re_mac": 248319.75124905526
    },
    "W": 15.696000000000002
  }
}