{
  "family": {
    "name": "wingA",
    "AR": 6.5,
    "taper": 0.7,
    "dihedral_deg": 10.0,
    "twist_root_deg": 3.0,
    "twist_tip_deg": -2.0,
    "airfoil_main": "ag13",
    "tail_AR": 3.0,
    "tail_span_frac": 0.35,
    "tail_airfoil": "naca0008",
    "boom_length_m": 0.6
  },
  "geometry": {
    "S_ref": 0.25409464812262855,
    "b": 1.2143103822990855,
    "c_mac": 0.21142231226229485,
    "AR": 5.803151366839176,
    "taper": 0.7,
    "dihedral_deg": 10.0
  },
  "mission": {
    "climb": {
      "velocity": 12.0,
      "alpha": 7.0,
      "CL": 0.8834980597512792,
      "CD": 0.07801233559486984,
      "CM": -0.4505591725376248,
      "L": 19.800205743360223,
      "D": 1.7483459960662924,
      "Re_mac": 171707.62377103505
    },
    "cruise": {
      "velocity": 18.0,
      "alpha": 4.0,
      "CL": 0.6442108267769304,
      "CD": 0.04277576823186928,
      "CM": -0.32454937211349794,
      "L": 32.48438435814701,
      "D": 2.156971660055957,
      "Re_mac": 257561.4356565526
    },
    "W": 15.696000000000002
  }
}