{
  "family": {
    "name": "wingA",
    "AR": 7.5,
    "taper": 0.7,
    "dihedral_deg": 5.0,
    "twist_root_deg": 3.0,
    "twist_tip_deg": -2.0,
    "airfoil_main": "naca4412",
    "tail_AR": 3.0,
    "tail_span_frac": 0.35,
    "tail_airfoil": "naca0008",
    "boom_length_m": 0.6
  },
  "geometry": {
    "S_ref": 0.2603379221444238,
    "b": 1.2894621580092103,
    "c_mac": 0.20399233144660525,
    "AR": 6.386747820839451,
    "taper": 0.7,
    "dihedral_deg": 5.0
  },
  "mission": {
    "climb": {
      "velocity": 12.0,
      "alpha": 7.0,
      "CL": 1.1612407475053124,
      "CD": 0.10511225325378948,
      "CM": -0.5687581557579476,
      "L": 26.6641832923804,
      "D": 2.4135670342736826,
      "Re_mac": 165673.32995939764
    },
    "cruise": {
      "velocity": 18.0,
      "alpha": 4.0,
      "CL": 0.9159979730355025,
      "CD": 0.0675375599441114,
      "CM": -0.4266610106575398,
      "L": 47.32417483378106,
      "D": 3.4892645930759265,
      "Re_mac": 248509.99493909648
    },
    "W": 15.696000000000002
  }
}