{
  "family": {
    "name": "wingA",
    "AR": 7.5,
    "taper": 0.7,
    "dihedral_deg": 5.0,
    "twist_root_deg": 3.0,
    "twist_tip_deg": -2.0,
    "airfoil_main": "ag13",
    "tail_AR": 3.0,
    "tail_span_frac": 0.35,
    "tail_airfoil": "naca0008",
    "boom_length_m": 0.6
  },
  "geometry": {
    "S_ref": 0.2603379221444238,
    "b": 1.2894621580092103,
    "c_mac": 0.20399233144660525,
    "AR": 6.386747820839451,
    "taper": 0.7,
    "dihedral_deg": 5.0
  },
  "mission": {
    "climb": {
      "velocity": 12.0,
      "alpha": 7.0,
      "CL": 0.9324761672083084,
      "CD": 0.07918749998872666,
      "CM": -0.5155018985051442,
      "L": 21.411335669742282,
      "D": 1.8182879120465234,
      "Re_mac": 165673.32995939764
    },
    "cruise": {
      "velocity": 18.0,
      "alpha": 4.0,
      "CL": 0.6777898549589743,
      "CD": 0.042868722184093135,
      "CM": -0.3714393136164405,
      "L": 35.017376174257535,
      "D": 2.2147722628881645,
      "Re_mac": 248509.99493909648
    },
    "W": 15.696000000000002
  }
}