{
  "family": {
    "name": "wingA",
    "AR": 6.5,
    "taper": 0.7,
    "dihedral_deg": 10.0,
    "twist_root_deg": 2.0,
    "twist_tip_deg": -1.0,
    "airfoil_main": "ag13",
    "tail_AR": 3.0,
    "tail_span_frac": 0.35,
    "tail_airfoil": "naca0008",
    "boom_length_m": 0.6
  },
  "geometry": {
    "S_ref": 0.25408985335376233,
    "b": 1.214287468248522,
    "c_mac": 0.21142231226229485,
    "AR": 5.803041861307653,
    "taper": 0.7,
    "dihedral_deg": 10.0
  },
  "mission": {
    "climb": {
      "velocity": 12.0,
      "alpha": 7.0,
      "CL": 0.8731576261862273,
      "CD": 0.07614192396502331,
      "CM": -0.4508941098443181,
      "L": 19.568095499567715,
      "D": 1.7063957239613257,
      "Re_mac": 171707.62377103505
    },
    "cruise": {
      "velocity": 18.0,
      "alpha": 4.0,
      "CL": 0.6323344731308546,
      "CD": 0.0414932656933471,
      "CM": -0.3249627782464309,
      "L": 31.884916560669545,
      "D": 2.0922618814557064,
      "Re_mac": 257561.4356565526
    },
    "W": 15.696000000000002
  }
}