{
  "family": {
    "name": "wingA",
    "AR": 6.5,
    "taper": 0.5,
    "dihedral_deg": 5.0,
    "twist_root_deg": 3.0,
    "twist_tip_deg": -2.0,
    "airfoil_main": "sg6043",
    "tail_AR": 3.0,
    "tail_span_frac": 0.35,
    "tail_airfoil": "naca0008",
    "boom_length_m": 0.6
  },
  "geometry": {
    "S_ref": 0.2359518422330782,
    "b": 1.200428766511113,
    "c_mac": 0.20383616769196822,
    "AR": 6.10730227757202,
    "taper": 0.5,
    "dihedral_deg": 5.0
  },
  "mission": {
    "climb": {
      "velocity": 12.0,
      "alpha": 7.0,
      "CL": 1.369336410379355,
      "CD": 0.14226160118073472,
      "CM": -0.5967411569475511,
      "L": 28.49719497232702,
      "D": 2.9605994226062435,
      "Re_mac": 165546.5008327035
    },
    "cruise": {
      "velocity": 18.0,
      "alpha": 4.0,
      "CL": 1.1663972683838093,
      "CD": 0.10290964494781431,
      "CM": -0.46913754091537124,
      "L": 54.61613579456927,
      "D": 4.818707395318822,
      "Re_mac": 248319.75124905526
    },
    "W": 15.696000000000002
  }
}