{
  "family": {
    "name": "wingA",
    "AR": 7.5,
    "taper": 0.7,
    "dihedral_deg": 5.0,
    "twist_root_deg": 2.0,
    "twist_tip_deg": -1.0,
    "airfoil_main": "naca4412",
    "tail_AR": 3.0,
    "tail_span_frac": 0.35,
    "tail_airfoil": "naca0008",
    "boom_length_m": 0.6
  },
  "geometry": {
    "S_ref": 0.26033386633874633,
    "b": 1.2894420694723647,
    "c_mac": 0.20399233144660525,
    "AR": 6.386648321665999,
    "taper": 0.7,
    "dihedral_deg": 5.0
  },
  "mission": {
    "climb": {
      "velocity": 12.0,
      "alpha": 7.0,
      "CL": 1.1500057193534716,
      "CD": 0.1033982747465048,
      "CM": -0.569453879940637,
      "L": 26.405795387370716,
      "D": 2.3741740066286954,
      "Re_mac": 165673.32995939764
    },
    "cruise": {
      "velocity": 18.0,
      "alpha": 4.0,
      "CL": 0.9036121401026613,
      "CD": 0.06605312335824767,
      "CM": -0.42719283854381934,
      "L": 46.68354511545045,
      "D": 3.412519406789771,
      "Re_mac": 248509.99493909648
    },
    "W": 15.696000000000002
  }
}