{
  "family": {
    "name": "wingA",
    "AR": 7.5,
    "taper": 0.5,
    "dihedral_deg": 5.0,
    "twist_root_deg": 2.0,
    "twist_tip_deg": -1.0,
    "airfoil_main": "ag13",
    "tail_AR": 3.0,
    "tail_span_frac": 0.35,
    "tail_airfoil": "naca0008",
    "boom_length_m": 0.6
  },
  "geometry": {
    "S_ref": 0.24454102102262504,
    "b": 1.2894417250591874,
    "c_mac": 0.19667278555273549,
    "AR": 6.799104523939087,
    "taper": 0.5,
    "dihedral_deg": 5.0
  },
  "mission": {
    "climb": {
      "velocity": 12.0,
      "alpha": 7.0,
      "CL": 0.9560546981787901,
      "CD": 0.07940062475177216,
      "CM": -0.5651407437866944,
      "L": 20.62068301846769,
      "D": 1.7125538084730023,
      "Re_mac": 159728.72638813325
    },
    "cruise": {
      "velocity": 18.0,
      "alpha": 4.0,
      "CL": 0.6959383571171758,
      "CD": 0.04294330296397666,
      "CM": -0.4061800115963537,
      "L": 33.77330779520021,
      "D": 2.084002661891968,
      "Re_mac": 239593.08958219987
    },
    "W": 15.696000000000002
  }
}