{
  "family": {
    "name": "wingA",
    "AR": 8.5,
    "taper": 0.5,
    "dihedral_deg": 10.0,
    "twist_root_deg": 3.0,
    "twist_tip_deg": -2.0,
    "airfoil_main": "naca4412",
    "tail_AR": 3.0,
    "tail_span_frac": 0.35,
    "tail_airfoil": "naca0008",
    "boom_length_m": 0.6
  },
  "geometry": {
    "S_ref": 0.2552337878344278,
    "b": 1.388601338641406,
    "c_mac": 0.19061402558240498,
    "AR": 7.554696006500332,
    "taper": 0.5,
    "dihedral_deg": 10.0
  },
  "mission": {
    "climb": {
      "velocity": 12.0,
      "alpha": 7.0,
      "CL": 1.2166416373841873,
      "CD": 0.10240899552031672,
      "CM": -0.7026596944696103,
      "L": 27.38857432281422,
      "D": 2.3053924006443,
      "Re_mac": 154808.07602548916
    },
    "cruise": {
      "velocity": 18.0,
      "alpha": 4.0,
      "CL": 0.9630869606121103,
      "CD": 0.06610635514190852,
      "CM": -0.5119715315090578,
      "L": 48.78145747809005,
      "D": 3.3483625926541074,
      "Re_mac": 232212.11403823367
    },
    "W": 15.696000000000002
  }
}