{
  "family": {
    "name": "wingA",
    "AR": 6.5,
    "taper": 0.5,
    "dihedral_deg": 5.0,
    "twist_root_deg": 3.0,
    "twist_tip_deg": -2.0,
    "airfoil_main": "naca4412",
    "tail_AR": 3.0,
    "tail_span_frac": 0.35,
    "tail_airfoil": "naca0008",
    "boom_length_m": 0.6
  },
  "geometry": {
    "S_ref": 0.2359518422330782,
    "b": 1.200428766511113,
    "c_mac": 0.20383616769196822,
    "AR": 6.10730227757202,
    "taper": 0.5,
    "dihedral_deg": 5.0
  },
  "mission": {
    "climb": {
      "velocity": 12.0,
      "alpha": 7.0,
      "CL": 1.1764387789830921,
      "CD": 0.1109993328757669,
      "CM": -0.5396804960539946,
      "L": 24.482811530878546,
      "D": 2.3100018423395654,
      "Re_mac": 165546.5008327035
    },
    "cruise": {
      "velocity": 18.0,
      "alpha": 4.0,
      "CL": 0.9355422382843089,
      "CD": 0.07211107365227346,
      "CM": -0.40683997813258554,
      "L": 43.80643140436246,
      "D": 3.37657528668765,
      "Re_mac": 248319.75124905526
    },
    "W": 15.696000000000002
  }
}