{
  "family": {
    "name": "wingA",
    "AR": 8.5,
    "taper": 0.7,
    "dihedral_deg": 10.0,
    "twist_root_deg": 3.0,
    "twist_tip_deg": -2.0,
    "airfoil_main": "naca4412",
    "tail_AR": 3.0,
    "tail_span_frac": 0.35,
    "tail_airfoil": "naca0008",
    "boom_length_m": 0.6
  },
  "geometry": {
    "S_ref": 0.27171746507091576,
    "b": 1.3886031208145881,
    "c_mac": 0.1977080833817316,
    "AR": 7.096410334288841,
    "taper": 0.7,
    "dihedral_deg": 10.0
  },
  "mission": {
    "climb": {
      "velocity": 12.0,
      "alpha": 7.0,
      "CL": 1.168724205677438,
      "CD": 0.10025548878898477,
      "CM": -0.6481563188754902,
      "L": 28.009037066671727,
      "D": 2.4026709534952304,
      "Re_mac": 160569.54838184832
    },
    "cruise": {
      "velocity": 18.0,
      "alpha": 4.0,
      "CL": 0.9198461219522228,
      "CD": 0.06425454663716061,
      "CM": -0.4748830222618107,
      "L": 49.60024700484022,
      "D": 3.4647549283821717,
      "Re_mac": 240854.32257277248
    },
    "W": 15.696000000000002
  }
}