{
  "family": {
    "name": "wingA",
    "AR": 7.5,
    "taper": 0.7,
    "dihedral_deg": 10.0,
    "twist_root_deg": 3.0,
    "twist_tip_deg": -2.0,
    "airfoil_main": "sg6043",
    "tail_AR": 3.0,
    "tail_span_frac": 0.35,
    "tail_airfoil": "naca0008",
    "boom_length_m": 0.6
  },
  "geometry": {
    "S_ref": 0.26334795762477436,
    "b": 1.3043709612070171,
    "c_mac": 0.20399233144660525,
    "AR": 6.460591605818707,
    "taper": 0.7,
    "dihedral_deg": 10.0
  },
  "mission": {
    "climb": {
      "velocity": 12.0,
      "alpha": 7.0,
      "CL": 1.3455436505431695,
      "CD": 0.1344372279045413,
      "CM": -0.6410449020168323,
      "L": 31.253332393819466,
      "D": 3.1226124608504393,
      "Re_mac": 165673.32995939764
    },
    "cruise": {
      "velocity": 18.0,
      "alpha": 4.0,
      "CL": 1.1342377702076645,
      "CD": 0.09575583876035847,
      "CM": -0.4946480608149428,
      "L": 59.27685628863347,
      "D": 5.004334401556831,
      "Re_mac": 248509.99493909648
    },
    "W": 15.696000000000002
  }
}