{
  "family": {
    "name": "wingA",
    "AR": 8.5,
    "taper": 0.7,
    "dihedral_deg": 5.0,
    "twist_root_deg": 3.0,
    "twist_tip_deg": -2.0,
    "airfoil_main": "ag13",
    "tail_AR": 3.0,
    "tail_span_frac": 0.35,
    "tail_airfoil": "naca0008",
    "boom_length_m": 0.6
  },
  "geometry": {
    "S_ref": 0.2686117410058607,
    "b": 1.3727314206719459,
    "c_mac": 0.1977080833817316,
    "AR": 7.0152985355130255,
    "taper": 0.7,
    "dihedral_deg": 5.0
  },
  "mission": {
    "climb": {
      "velocity": 12.0,
      "alpha": 7.0,
      "CL": 0.9600376040266843,
      "CD": 0.07858484358339728,
      "CM": -0.5849405957637739,
      "L": 22.744784232335586,
      "D": 1.8617971876719654,
      "Re_mac": 160569.54838184832
    },
    "cruise": {
      "velocity": 18.0,
      "alpha": 4.0,
      "CL": 0.6963861285501176,
      "CD": 0.04221059789405888,
      "CM": -0.4175291360703942,
      "L": 37.121558970312265,
      "D": 2.2500781314510014,
      "Re_mac": 240854.32257277248
    },
    "W": 15.696000000000002
  }
}