{
  "family": {
    "name": "wingA",
    "AR": 7.5,
    "taper": 0.5,
    "dihedral_deg": 10.0,
    "twist_root_deg": 3.0,
    "twist_tip_deg": -2.0,
    "airfoil_main": "sg6043",
    "tail_AR": 3.0,
    "tail_span_frac": 0.35,
    "tail_airfoil": "naca0008",
    "boom_length_m": 0.6
  },
  "geometry": {
    "S_ref": 0.2473719490581418,
    "b": 1.3043689414189221,
    "c_mac": 0.19667278555273549,
    "AR": 6.877814327033623,
    "taper": 0.5,
    "dihedral_deg": 10.0
  },
  "mission": {
    "climb": {
      "velocity": 12.0,
      "alpha": 7.0,
      "CL": 1.3772655538344099,
      "CD": 0.13345169918952254,
      "CM": -0.6843332610442294,
      "L": 30.049463442078533,
      "D": 2.9116766515464336,
      "Re_mac": 159728.72638813325
    },
    "cruise": {
      "velocity": 18.0,
      "alpha": 4.0,
      "CL": 1.1716031599256376,
      "CD": 0.09620580745643233,
      "CM": -0.5246943188441611,
      "L": 57.51512771504667,
      "D": 4.72283576218512,
      "Re_mac": 239593.08958219987
    },
    "W": 15.696000000000002
  }
}