{
  "family": {
    "name": "wingA",
    "AR": 6.5,
    "taper": 0.7,
    "dihedral_deg": 5.0,
    "twist_root_deg": 2.0,
    "twist_tip_deg": -1.0,
    "airfoil_main": "naca4412",
    "tail_AR": 3.0,
    "tail_span_frac": 0.35,
    "tail_airfoil": "naca0008",
    "boom_length_m": 0.6
  },
  "geometry": {
    "S_ref": 0.2511855608171578,
    "b": 1.200407944982331,
    "c_mac": 0.21142231226229485,
    "AR": 5.73671205338756,
    "taper": 0.7,
    "dihedral_deg": 5.0
  },
  "mission": {
    "climb": {
      "velocity": 12.0,
      "alpha": 7.0,
      "CL": 1.1175516442199624,
      "CD": 0.1066952435842009,
      "CM": -0.4992783109107671,
      "L": 24.758872178905577,
      "D": 2.3637868653866714,
      "Re_mac": 171707.62377103505
    },
    "cruise": {
      "velocity": 18.0,
      "alpha": 4.0,
      "CL": 0.8816472548351891,
      "CD": 0.06856345133746064,
      "CM": -0.3794839197048362,
      "L": 43.94815358650647,
      "D": 3.417735464239564,
      "Re_mac": 257561.4356565526
    },
    "W": 15.696000000000002
  }
}