{
  "family": {
    "name": "wingA",
    "AR": 6.5,
    "taper": 0.5,
    "dihedral_deg": 5.0,
    "twist_root_deg": 2.0,
    "twist_tip_deg": -1.0,
    "airfoil_main": "sg6043",
    "tail_AR": 3.0,
    "tail_span_frac": 0.35,
    "tail_airfoil": "naca0008",
    "boom_length_m": 0.6
  },
  "geometry": {
    "S_ref": 0.23594767151905907,
    "b": 1.2004075475833944,
    "c_mac": 0.20383616769196822,
    "AR": 6.107194324139715,
    "taper": 0.5,
    "dihedral_deg": 5.0
  },
  "mission": {
    "climb": {
      "velocity": 12.0,
      "alpha": 7.0,
      "CL": 1.3532257435874941,
      "CD": 0.1390709618712248,
      "CM": -0.599049993156389,
      "L": 28.161418857690077,
      "D": 2.894148021315844,
      "Re_mac": 165546.5008327035
    },
    "cruise": {
      "velocity": 18.0,
      "alpha": 4.0,
      "CL": 1.143875184109948,
      "CD": 0.09951195121921952,
      "CM": -0.47047825626972617,
      "L": 53.56060047622672,
      "D": 4.659529235271944,
      "Re_mac": 248319.75124905526
    },
    "W": 15.696000000000002
  }
}