{
  "family": {
    "name": "wingA",
    "AR": 8.5,
    "taper": 0.7,
    "dihedral_deg": 10.0,
    "twist_root_deg": 2.0,
    "twist_tip_deg": -1.0,
    "airfoil_main": "naca4412",
    "tail_AR": 3.0,
    "tail_span_frac": 0.35,
    "tail_airfoil": "naca0008",
    "boom_length_m": 0.6
  },
  "geometry": {
    "S_ref": 0.27171403629807483,
    "b": 1.388585598184358,
    "c_mac": 0.1977080833817316,
    "AR": 7.096320785466441,
    "taper": 0.7,
    "dihedral_deg": 10.0
  },
  "mission": {
    "climb": {
      "velocity": 12.0,
      "alpha": 7.0,
      "CL": 1.158003155860108,
      "CD": 0.09870569756758743,
      "CM": -0.6486785195939773,
      "L": 27.75175175647489,
      "D": 2.365499611968491,
      "Re_mac": 160569.54838184832
    },
    "cruise": {
      "velocity": 18.0,
      "alpha": 4.0,
      "CL": 0.9077277205325168,
      "CD": 0.06288545258594204,
      "CM": -0.47530354943653896,
      "L": 48.94617689875962,
      "D": 3.39088739608434,
      "Re_mac": 240854.32257277248
    },
    "W": 15.696000000000002
  }
}