{
  "family": {
    "name": "wingA",
    "AR": 8.5,
    "taper": 0.7,
    "dihedral_deg": 10.0,
    "twist_root_deg": 3.0,
    "twist_tip_deg": -2.0,
    "airfoil_main": "sg6043",
    "tail_AR": 3.0,
    "tail_span_frac": 0.35,
    "tail_airfoil": "naca0008",
    "boom_length_m": 0.6
  },
  "geometry": {
    "S_ref": 0.27171746507091576,
    "b": 1.3886031208145881,
    "c_mac": 0.1977080833817316,
    "AR": 7.096410334288841,
    "taper": 0.7,
    "dihedral_deg": 10.0
  },
  "mission": {
    "climb": {
      "velocity": 12.0,
      "alpha": 7.0,
      "CL": 1.3719323188742711,
      "CD": 0.12928479743966334,
      "CM": -0.7129160458549192,
      "L": 32.87901712452414,
      "D": 3.098372281547571,
      "Re_mac": 160569.54838184832
    },
    "cruise": {
      "velocity": 18.0,
      "alpha": 4.0,
      "CL": 1.1540550132771588,
      "CD": 0.09166897070799147,
      "CM": -0.5426272971830537,
      "L": 62.22933635273225,
      "D": 4.94300457575012,
      "Re_mac": 240854.32257277248
    },
    "W": 15.696000000000002
  }
}