{
  "family": {
    "name": "wingA",
    "AR": 8.5,
    "taper": 0.5,
    "dihedral_deg": 10.0,
    "twist_root_deg": 3.0,
    "twist_tip_deg": -2.0,
    "airfoil_main": "ag13",
    "tail_AR": 3.0,
    "tail_span_frac": 0.35,
    "tail_airfoil": "naca0008",
    "boom_length_m": 0.6
  },
  "geometry": {
    "S_ref": 0.2552337878344278,
    "b": 1.388601338641406,
    "c_mac": 0.19061402558240498,
    "AR": 7.554696006500332,
    "taper": 0.5,
    "dihedral_deg": 10.0
  },
  "mission": {
    "climb": {
      "velocity": 12.0,
      "alpha": 7.0,
      "CL": 0.9892887437605831,
      "CD": 0.08094082188672093,
      "CM": -0.6453059383590473,
      "L": 22.270492355880307,
      "D": 1.8221090318431155,
      "Re_mac": 154808.07602548916
    },
    "cruise": {
      "velocity": 18.0,
      "alpha": 4.0,
      "CL": 0.7279977534159884,
      "CD": 0.044038873133514476,
      "CM": -0.4559233221229764,
      "L": 36.873919910447356,
      "D": 2.230619357342512,
      "Re_mac": 232212.11403823367
    },
    "W": 15.696000000000002
  }
}