{
  "family": {
    "name": "wingA",
    "AR": 8.5,
    "taper": 0.7,
    "dihedral_deg": 5.0,
    "twist_root_deg": 3.0,
    "twist_tip_deg": -2.0,
    "airfoil_main": "naca4412",
    "tail_AR": 3.0,
    "tail_span_frac": 0.35,
    "tail_airfoil": "naca0008",
    "boom_length_m": 0.6
  },
  "geometry": {
    "S_ref": 0.2686117410058607,
    "b": 1.3727314206719459,
    "c_mac": 0.1977080833817316,
    "AR": 7.0152985355130255,
    "taper": 0.7,
    "dihedral_deg": 5.0
  },
  "mission": {
    "climb": {
      "velocity": 12.0,
      "alpha": 7.0,
      "CL": 1.1897360410134028,
      "CD": 0.10223582482191126,
      "CM": -0.6391290807226938,
      "L": 28.186697513497467,
      "D": 2.422125723655089,
      "Re_mac": 160569.54838184832
    },
    "cruise": {
      "velocity": 18.0,
      "alpha": 4.0,
      "CL": 0.935274735784965,
      "CD": 0.06536831905336524,
      "CM": -0.47350575745226386,
      "L": 49.855755068197276,
      "D": 3.484523615629499,
      "Re_mac": 240854.32257277248
    },
    "W": 15.696000000000002
  }
}