{
  "family": {
    "name": "wingA",
    "AR": 6.5,
    "taper": 0.5,
    "dihedral_deg": 10.0,
    "twist_root_deg": 2.0,
    "twist_tip_deg": -1.0,
    "airfoil_main": "naca4412",
    "tail_AR": 3.0,
    "tail_span_frac": 0.35,
    "tail_airfoil": "naca0008",
    "boom_length_m": 0.6
  },
  "geometry": {
    "S_ref": 0.23867578021414373,
    "b": 1.214287075391928,
    "c_mac": 0.20383616769196822,
    "AR": 6.177807820051715,
    "taper": 0.5,
    "dihedral_deg": 10.0
  },
  "mission": {
    "climb": {
      "velocity": 12.0,
      "alpha": 7.0,
      "CL": 1.1351712812648278,
      "CD": 0.10557536922027626,
      "CM": -0.5477546473636533,
      "L": 23.89672200671285,
      "D": 2.2224886152880337,
      "Re_mac": 165546.5008327035
    },
    "cruise": {
      "velocity": 18.0,
      "alpha": 4.0,
      "CL": 0.8971550489942857,
      "CD": 0.06798503429736154,
      "CM": -0.4085417250357685,
      "L": 42.49393602735166,
      "D": 3.220125330050715,
      "Re_mac": 248319.75124905526
    },
    "W": 15.696000000000002
  }
}