{
  "family": {
    "name": "wingA",
    "AR": 8.5,
    "taper": 0.7,
    "dihedral_deg": 5.0,
    "twist_root_deg": 3.0,
    "twist_tip_deg": -2.0,
    "airfoil_main": "sg6043",
    "tail_AR": 3.0,
    "tail_span_frac": 0.35,
    "tail_airfoil": "naca0008",
    "boom_length_m": 0.6
  },
  "geometry": {
    "S_ref": 0.2686117410058607,
    "b": 1.3727314206719459,
    "c_mac": 0.1977080833817316,
    "AR": 7.0152985355130255,
    "taper": 0.7,
    "dihedral_deg": 5.0
  },
  "mission": {
    "climb": {
      "velocity": 12.0,
      "alpha": 7.0,
      "CL": 1.3938578841175584,
      "CD": 0.1316027465541066,
      "CM": -0.7007541730545209,
      "L": 33.02266149973902,
      "D": 3.117873781403152,
      "Re_mac": 160569.54838184832
    },
    "cruise": {
      "velocity": 18.0,
      "alpha": 4.0,
      "CL": 1.1723516901409625,
      "CD": 0.09322011451407818,
      "CM": -0.5396517150871759,
      "L": 62.49337919771758,
      "D": 4.969191424531041,
      "Re_mac": 240854.32257277248
    },
    "W": 15.696000000000002
  }
}