{
  "family": {
    "name": "wingA",
    "AR": 7.5,
    "taper": 0.5,
    "dihedral_deg": 10.0,
    "twist_root_deg": 2.0,
    "twist_tip_deg": -1.0,
    "airfoil_main": "naca4412",
    "tail_AR": 3.0,
    "tail_span_frac": 0.35,
    "tail_airfoil": "naca0008",
    "boom_length_m": 0.6
  },
  "geometry": {
    "S_ref": 0.2473685013172897,
    "b": 1.3043507618067929,
    "c_mac": 0.19667278555273549,
    "AR": 6.877718467654585,
    "taper": 0.5,
    "dihedral_deg": 10.0
  },
  "mission": {
    "climb": {
      "velocity": 12.0,
      "alpha": 7.0,
      "CL": 1.167385891310166,
      "CD": 0.10227469245663863,
      "CM": -0.6256288364452167,
      "L": 25.46991075820476,
      "D": 2.2314191982994536,
      "Re_mac": 159728.72638813325
    },
    "cruise": {
      "velocity": 18.0,
      "alpha": 4.0,
      "CL": 0.9194401936063286,
      "CD": 0.06552259637928859,
      "CM": -0.4610759986623919,
      "L": 45.13557570740316,
      "D": 3.216522542725877,
      "Re_mac": 239593.08958219987
    },
    "W": 15.696000000000002
  }
}