{
  "family": {
    "name": "wingA",
    "AR": 8.5,
    "taper": 0.5,
    "dihedral_deg": 5.0,
    "twist_root_deg": 2.0,
    "twist_tip_deg": -1.0,
    "airfoil_main": "naca4412",
    "tail_AR": 3.0,
    "tail_span_frac": 0.35,
    "tail_airfoil": "naca0008",
    "boom_length_m": 0.6
  },
  "geometry": {
    "S_ref": 0.2523134817643538,
    "b": 1.3727133915457104,
    "c_mac": 0.19061402558240498,
    "AR": 7.468257511062342,
    "taper": 0.5,
    "dihedral_deg": 5.0
  },
  "mission": {
    "climb": {
      "velocity": 12.0,
      "alpha": 7.0,
      "CL": 1.216019944485465,
      "CD": 0.10133064121520215,
      "CM": -0.6953921055840724,
      "L": 27.061367540963708,
      "D": 2.2550170640880367,
      "Re_mac": 154808.07602548916
    },
    "cruise": {
      "velocity": 18.0,
      "alpha": 4.0,
      "CL": 0.953833863188752,
      "CD": 0.06449835116019581,
      "CM": -0.5117341258755693,
      "L": 47.759997637458525,
      "D": 3.229536314356393,
      "Re_mac": 232212.11403823367
    },
    "W": 15.696000000000002
  }
}