{
  "family": {
    "name": "wingA",
    "AR": 6.5,
    "taper": 0.7,
    "dihedral_deg": 5.0,
    "twist_root_deg": 3.0,
    "twist_tip_deg": -2.0,
    "airfoil_main": "naca4412",
    "tail_AR": 3.0,
    "tail_span_frac": 0.35,
    "tail_airfoil": "naca0008",
    "boom_length_m": 0.6
  },
  "geometry": {
    "S_ref": 0.25119041102370143,
    "b": 1.2004311239678223,
    "c_mac": 0.21142231226229485,
    "AR": 5.736822825034822,
    "taper": 0.7,
    "dihedral_deg": 5.0
  },
  "mission": {
    "climb": {
      "velocity": 12.0,
      "alpha": 7.0,
      "CL": 1.1284740100999973,
      "CD": 0.10849258630378732,
      "CM": -0.4985763714296266,
      "L": 25.001335207624614,
      "D": 2.403652625976535,
      "Re_mac": 171707.62377103505
    },
    "cruise": {
      "velocity": 18.0,
      "alpha": 4.0,
      "CL": 0.893566003575476,
      "CD": 0.07010645295786916,
      "CM": -0.37891955242775477,
      "L": 44.54313676482788,
      "D": 3.494718140242642,
      "Re_mac": 257561.4356565526
    },
    "W": 15.696000000000002
  }
}