{
  "family": {
    "name": "wingA",
    "AR": 6.5,
    "taper": 0.7,
    "dihedral_deg": 10.0,
    "twist_root_deg": 2.0,
    "twist_tip_deg": -1.0,
    "airfoil_main": "sg6043",
    "tail_AR": 3.0,
    "tail_span_frac": 0.35,
    "tail_airfoil": "naca0008",
    "boom_length_m": 0.6
  },
  "geometry": {
    "S_ref": 0.25408985335376233,
    "b": 1.214287468248522,
    "c_mac": 0.21142231226229485,
    "AR": 5.803041861307653,
    "taper": 0.7,
    "dihedral_deg": 10.0
  },
  "mission": {
    "climb": {
      "velocity": 12.0,
      "alpha": 7.0,
      "CL": 1.3078665957440643,
      "CD": 0.13907858906469758,
      "CM": -0.5703852927590093,
      "L": 29.31023869996642,
      "D": 3.1168520220685716,
      "Re_mac": 171707.62377103505
    },
    "cruise": {
      "velocity": 18.0,
      "alpha": 4.0,
      "CL": 1.1004846733833704,
      "CD": 0.09894859801034697,
      "CM": -0.4463565551882243,
      "L": 55.49098377222776,
      "D": 4.989397107726973,
      "Re_mac": 257561.4356565526
    },
    "W": 15.696000000000002
  }
}