{
  "family": {
    "name": "wingA",
    "AR": 6.5,
    "taper": 0.5,
    "dihedral_deg": 10.0,
    "twist_root_deg": 3.0,
    "twist_tip_deg": -2.0,
    "airfoil_main": "ag13",
    "tail_AR": 3.0,
    "tail_span_frac": 0.35,
    "tail_airfoil": "naca0008",
    "boom_length_m": 0.6
  },
  "geometry": {
    "S_ref": 0.23867990325695174,
    "b": 1.2143080517875577,
    "c_mac": 0.20383616769196822,
    "AR": 6.177914539577587,
    "taper": 0.5,
    "dihedral_deg": 10.0
  },
  "mission": {
    "climb": {
      "velocity": 12.0,
      "alpha": 7.0,
      "CL": 0.9288864595791233,
      "CD": 0.08219664641874876,
      "CM": -0.4921820400061553,
      "L": 19.554515973257114,
      "D": 1.7303682476670628,
      "Re_mac": 165546.5008327035
    },
    "cruise": {
      "velocity": 18.0,
      "alpha": 4.0,
      "CL": 0.6866327340520537,
      "CD": 0.045524357169749834,
      "CM": -0.3536604186061222,
      "L": 32.52306448378836,
      "D": 2.1563079218162398,
      "Re_mac": 248319.75124905526
    },
    "W": 15.696000000000002
  }
}