{
  "family": {
    "name": "wingA",
    "AR": 6.5,
    "taper": 0.7,
    "dihedral_deg": 10.0,
    "twist_root_deg": 3.0,
    "twist_tip_deg": -2.0,
    "airfoil_main": "sg6043",
    "tail_AR": 3.0,
    "tail_span_frac": 0.35,
    "tail_airfoil": "naca0008",
    "boom_length_m": 0.6
  },
  "geometry": {
    "S_ref": 0.25409464812262855,
    "b": 1.2143103822990855,
    "c_mac": 0.21142231226229485,
    "AR": 5.803151366839176,
    "taper": 0.7,
    "dihedral_deg": 10.0
  },
  "mission": {
    "climb": {
      "velocity": 12.0,
      "alpha": 7.0,
      "CL": 1.315055272917307,
      "CD": 0.14061721341975142,
      "CM": -0.5692285716131721,
      "L": 29.471898302735024,
      "D": 3.15139317629389,
      "Re_mac": 171707.62377103505
    },
    "cruise": {
      "velocity": 18.0,
      "alpha": 4.0,
      "CL": 1.1110735483332437,
      "CD": 0.10065537908185948,
      "CM": -0.44564072475930294,
      "L": 56.02597580485094,
      "D": 5.07555583654032,
      "Re_mac": 257561.4356565526
    },
    "W": 15.696000000000002
  }
}