{
  "family": {
    "name": "wingA",
    "AR": 8.5,
    "taper": 0.5,
    "dihedral_deg": 10.0,
    "twist_root_deg": 3.0,
    "twist_tip_deg": -2.0,
    "airfoil_main": "sg6043",
    "tail_AR": 3.0,
    "tail_span_frac": 0.35,
    "tail_airfoil": "naca0008",
    "boom_length_m": 0.6
  },
  "geometry": {
    "S_ref": 0.2552337878344278,
    "b": 1.388601338641406,
    "c_mac": 0.19061402558240498,
    "AR": 7.554696006500332,
    "taper": 0.5,
    "dihedral_deg": 10.0
  },
  "mission": {
    "climb": {
      "velocity": 12.0,
      "alpha": 7.0,
      "CL": 1.4030631754847598,
      "CD": 0.1282760241666627,
      "CM": -0.7628168725709912,
      "L": 31.58522516456786,
      "D": 2.887701122310297,
      "Re_mac": 154808.07602548916
    },
    "cruise": {
      "velocity": 18.0,
      "alpha": 4.0,
      "CL": 1.191610827379914,
      "CD": 0.09206239003297319,
      "CM": -0.5771745821889784,
      "L": 60.356453034438516,
      "D": 4.663065484627174,
      "Re_mac": 232212.11403823367
    },
    "W": 15.696000000000002
  }
}