{
  "family": {
    "name": "wingA",
    "AR": 7.5,
    "taper": 0.5,
    "dihedral_deg": 10.0,
    "twist_root_deg": 2.0,
    "twist_tip_deg": -1.0,
    "airfoil_main": "sg6043",
    "tail_AR": 3.0,
    "tail_span_frac": 0.35,
    "tail_airfoil": "naca0008",
    "boom_length_m": 0.6
  },
  "geometry": {
    "S_ref": 0.2473685013172897,
    "b": 1.3043507618067929,
    "c_mac": 0.19667278555273549,
    "AR": 6.877718467654585,
    "taper": 0.5,
    "dihedral_deg": 10.0
  },
  "mission": {
    "climb": {
      "velocity": 12.0,
      "alpha": 7.0,
      "CL": 1.361644359532308,
      "CD": 0.13053288622460527,
      "CM": -0.6864760463216313,
      "L": 29.708222944837942,
      "D": 2.847953695431679,
      "Re_mac": 159728.72638813325
    },
    "cruise": {
      "velocity": 18.0,
      "alpha": 4.0,
      "CL": 1.1490380476766866,
      "CD": 0.09307606410180087,
      "CM": -0.5258125761355404,
      "L": 56.406598441359286,
      "D": 4.569129963022564,
      "Re_mac": 239593.08958219987
    },
    "W": 15.696000000000002
  }
}