{
  "family": {
    "name": "wingA",
    "AR": 6.5,
    "taper": 0.5,
    "dihedral_deg": 5.0,
    "twist_root_deg": 3.0,
    "twist_tip_deg": -2.0,
    "airfoil_main": "ag13",
    "tail_AR": 3.0,
    "tail_span_frac": 0.35,
    "tail_airfoil": "naca0008",
    "boom_length_m": 0.6
  },
  "geometry": {
    "S_ref": 0.2359518422330782,
    "b": 1.200428766511113,
    "c_mac": 0.20383616769196822,
    "AR": 6.10730227757202,
    "taper": 0.5,
    "dihedral_deg": 5.0
  },
  "mission": {
    "climb": {
      "velocity": 12.0,
      "alpha": 7.0,
      "CL": 0.9471907965191649,
      "CD": 0.08414190374395317,
      "CM": -0.4883266973198662,
      "L": 19.711942660549386,
      "D": 1.7510731608092767,
      "Re_mac": 165546.5008327035
    },
    "cruise": {
      "velocity": 18.0,
      "alpha": 4.0,
      "CL": 0.6992878382759435,
      "CD": 0.04641139722634194,
      "CM": -0.35390872377609056,
      "L": 32.74390344525594,
      "D": 2.1731971104852534,
      "Re_mac": 248319.75124905526
    },
    "W": 15.696000000000002
  }
}