{
  "family": {
    "name": "wingA",
    "AR": 8.5,
    "taper": 0.5,
    "dihedral_deg": 5.0,
    "twist_root_deg": 3.0,
    "twist_tip_deg": -2.0,
    "airfoil_main": "ag13",
    "tail_AR": 3.0,
    "tail_span_frac": 0.35,
    "tail_airfoil": "naca0008",
    "boom_length_m": 0.6
  },
  "geometry": {
    "S_ref": 0.25231646427054244,
    "b": 1.372729617893018,
    "c_mac": 0.19061402558240498,
    "AR": 7.468345790626674,
    "taper": 0.5,
    "dihedral_deg": 5.0
  },
  "mission": {
    "climb": {
      "velocity": 12.0,
      "alpha": 7.0,
      "CL": 1.008464436407522,
      "CD": 0.08280121236338868,
      "CM": -0.6408144229759848,
      "L": 22.442682358637335,
      "D": 1.84268402622249,
      "Re_mac": 154808.07602548916
    },
    "cruise": {
      "velocity": 18.0,
      "alpha": 4.0,
      "CL": 0.7411714317502474,
      "CD": 0.0448658252648767,
      "CM": -0.45637107660136006,
      "L": 37.1120858951414,
      "D": 2.2465306805667415,
      "Re_mac": 232212.11403823367
    },
    "W": 15.696000000000002
  }
}