{
  "family": {
    "name": "wingA",
    "AR": 6.5,
    "taper": 0.7,
    "dihedral_deg": 5.0,
    "twist_root_deg": 3.0,
    "twist_tip_deg": -2.0,
    "airfoil_main": "sg6043",
    "tail_AR": 3.0,
    "tail_span_frac": 0.35,
    "tail_airfoil": "naca0008",
    "boom_length_m": 0.6
  },
  "geometry": {
    "S_ref": 0.25119041102370143,
    "b": 1.2004311239678223,
    "c_mac": 0.21142231226229485,
    "AR": 5.736822825034822,
    "taper": 0.7,
    "dihedral_deg": 5.0
  },
  "mission": {
    "climb": {
      "velocity": 12.0,
      "alpha": 7.0,
      "CL": 1.3367455184471213,
      "CD": 0.1432633922757429,
      "CM": -0.5595112921200943,
      "L": 29.615589277971015,
      "D": 3.1739996324327184,
      "Re_mac": 171707.62377103505
    },
    "cruise": {
      "velocity": 18.0,
      "alpha": 4.0,
      "CL": 1.1289708087528847,
      "CD": 0.10242483122148287,
      "CM": -0.443425561910788,
      "L": 56.27776900257874,
      "D": 5.105748480758492,
      "Re_mac": 257561.4356565526
    },
    "W": 15.696000000000002
  }
}