{
  "family": {
    "name": "wingA",
    "AR": 7.5,
    "taper": 0.7,
    "dihedral_deg": 10.0,
    "twist_root_deg": 3.0,
    "twist_tip_deg": -2.0,
    "airfoil_main": "naca4412",
    "tail_AR": 3.0,
    "tail_span_frac": 0.35,
    "tail_airfoil": "naca0008",
    "boom_length_m": 0.6
  },
  "geometry": {
    "S_ref": 0.26334795762477436,
    "b": 1.3043709612070171,
    "c_mac": 0.20399233144660525,
    "AR": 6.460591605818707,
    "taper": 0.7,
    "dihedral_deg": 10.0
  },
  "mission": {
    "climb": {
      "velocity": 12.0,
      "alpha": 7.0,
      "CL": 1.1404789687824854,
      "CD": 0.1030223808878016,
      "CM": -0.576914656163493,
      "L": 26.490235590001696,
      "D": 2.3929307032063734,
      "Re_mac": 165673.32995939764
    },
    "cruise": {
      "velocity": 18.0,
      "alpha": 4.0,
      "CL": 0.9007717795857448,
      "CD": 0.0663636889508802,
      "CM": -0.4278872600918925,
      "L": 47.07559625490596,
      "D": 3.4682594391162485,
      "Re_mac": 248509.99493909648
    },
    "W": 15.696000000000002
  }
}