{
  "family": {
    "name": "wingA",
    "AR": 6.5,
    "taper": 0.5,
    "dihedral_deg": 5.0,
    "twist_root_deg": 2.0,
    "twist_tip_deg": -1.0,
    "airfoil_main": "ag13",
    "tail_AR": 3.0,
    "tail_span_frac": 0.35,
    "tail_airfoil": "naca0008",
    "boom_length_m": 0.6
  },
  "geometry": {
    "S_ref": 0.23594767151905907,
    "b": 1.2004075475833944,
    "c_mac": 0.20383616769196822,
    "AR": 6.107194324139715,
    "taper": 0.5,
    "dihedral_deg": 5.0
  },
  "mission": {
    "climb": {
      "velocity": 12.0,
      "alpha": 7.0,
      "CL": 0.9244410527881468,
      "CD": 0.0801411229266949,
      "CM": -0.48910137274175947,
      "L": 19.23815876262759,
      "D": 1.6677836208474135,
      "Re_mac": 165546.5008327035
    },
    "cruise": {
      "velocity": 18.0,
      "alpha": 4.0,
      "CL": 0.6743900901922724,
      "CD": 0.043728028121441595,
      "CM": -0.3546330083061156,
      "L": 31.57751709949057,
      "D": 2.047513117130986,
      "Re_mac": 248319.75124905526
    },
    "W": 15.696000000000002
  }
}