{
  "family": {
    "name": "wingA",
    "AR": 7.5,
    "taper": 0.7,
    "dihedral_deg": 5.0,
    "twist_root_deg": 2.0,
    "twist_tip_deg": -1.0,
    "airfoil_main": "ag13",
    "tail_AR": 3.0,
    "tail_span_frac": 0.35,
    "tail_airfoil": "naca0008",
    "boom_length_m": 0.6
  },
  "geometry": {
    "S_ref": 0.26033386633874633,
    "b": 1.2894420694723647,
    "c_mac": 0.20399233144660525,
    "AR": 6.386648321665999,
    "taper": 0.7,
    "dihedral_deg": 5.0
  },
  "mission": {
    "climb": {
      "velocity": 12.0,
      "alpha": 7.0,
      "CL": 0.9207903149190397,
      "CD": 0.07718390520412956,
      "CM": -0.5158971773221547,
      "L": 21.14267802432683,
      "D": 1.7722541494526443,
      "Re_mac": 165673.32995939764
    },
    "cruise": {
      "velocity": 18.0,
      "alpha": 4.0,
      "CL": 0.6647250746153425,
      "CD": 0.041538279899377605,
      "CM": -0.3718487322030308,
      "L": 34.341861549858024,
      "D": 2.1460027788919382,
      "Re_mac": 248509.99493909648
    },
    "W": 15.696000000000002
  }
}