{
  "family": {
    "name": "wingA",
    "AR": 7.5,
    "taper": 0.7,
    "dihedral_deg": 5.0,
    "twist_root_deg": 2.0,
    "twist_tip_deg": -1.0,
    "airfoil_main": "sg6043",
    "tail_AR": 3.0,
    "tail_span_frac": 0.35,
    "tail_airfoil": "naca0008",
    "boom_length_m": 0.6
  },
  "geometry": {
    "S_ref": 0.26033386633874633,
    "b": 1.2894420694723647,
    "c_mac": 0.20399233144660525,
    "AR": 6.386648321665999,
    "taper": 0.7,
    "dihedral_deg": 5.0
  },
  "mission": {
    "climb": {
      "velocity": 12.0,
      "alpha": 7.0,
      "CL": 1.3593209982060492,
      "CD": 0.1353276538578722,
      "CM": -0.6313332728901566,
      "L": 31.211977071353072,
      "D": 3.1073187531909605,
      "Re_mac": 165673.32995939764
    },
    "cruise": {
      "velocity": 18.0,
      "alpha": 4.0,
      "CL": 1.1404526758233922,
      "CD": 0.09567407965245836,
      "CM": -0.4927473904681132,
      "L": 58.919498290260634,
      "D": 4.942834448115429,
      "Re_mac": 248509.99493909648
    },
    "W": 15.696000000000002
  }
}