{
  "family": {
    "name": "wingA",
    "AR": 7.5,
    "taper": 0.7,
    "dihedral_deg": 10.0,
    "twist_root_deg": 2.0,
    "twist_tip_deg": -1.0,
    "airfoil_main": "sg6043",
    "tail_AR": 3.0,
    "tail_span_frac": 0.35,
    "tail_airfoil": "naca0008",
    "boom_length_m": 0.6
  },
  "geometry": {
    "S_ref": 0.2633439481771778,
    "b": 1.3043511022832472,
    "c_mac": 0.20399233144660525,
    "AR": 6.460493243926251,
    "taper": 0.7,
    "dihedral_deg": 10.0
  },
  "mission": {
    "climb": {
      "velocity": 12.0,
      "alpha": 7.0,
      "CL": 1.3381952443141532,
      "CD": 0.13296680523474982,
      "CM": -0.6422247706370154,
      "L": 31.08217560193979,
      "D": 3.0884115057915924,
      "Re_mac": 165673.32995939764
    },
    "cruise": {
      "velocity": 18.0,
      "alpha": 4.0,
      "CL": 1.1230928183865405,
      "CD": 0.09411343941407284,
      "CM": -0.4953091473763237,
      "L": 58.693511862375956,
      "D": 4.918425425063767,
      "Re_mac": 248509.99493909648
    },
    "W": 15.696000000000002
  }
}