{
  "family": {
    "name": "wingA",
    "AR": 7.5,
    "taper": 0.5,
    "dihedral_deg": 5.0,
    "twist_root_deg": 3.0,
    "twist_tip_deg": -2.0,
    "airfoil_main": "sg6043",
    "tail_AR": 3.0,
    "tail_span_frac": 0.35,
    "tail_airfoil": "naca0008",
    "boom_length_m": 0.6
  },
  "geometry": {
    "S_ref": 0.24454450862705926,
    "b": 1.289460114868223,
    "c_mac": 0.19667278555273549,
    "AR": 6.799201491666574,
    "taper": 0.5,
    "dihedral_deg": 5.0
  },
  "mission": {
    "climb": {
      "velocity": 12.0,
      "alpha": 7.0,
      "CL": 1.3992573189664148,
      "CD": 0.1358392639743519,
      "CM": -0.6739866392330663,
      "L": 30.18033716753422,
      "D": 2.9298934025686703,
      "Re_mac": 159728.72638813325
    },
    "cruise": {
      "velocity": 18.0,
      "alpha": 4.0,
      "CL": 1.190043286647792,
      "CD": 0.09781739005335954,
      "CM": -0.5223852622251599,
      "L": 57.75263140193675,
      "D": 4.7470640234980825,
      "Re_mac": 239593.08958219987
    },
    "W": 15.696000000000002
  }
}