{
  "family": {
    "name": "wingA",
    "AR": 7.5,
    "taper": 0.7,
    "dihedral_deg": 10.0,
    "twist_root_deg": 2.0,
    "twist_tip_deg": -1.0,
    "airfoil_main": "naca4412",
    "tail_AR": 3.0,
    "tail_span_frac": 0.35,
    "tail_airfoil": "naca0008",
    "boom_length_m": 0.6
  },
  "geometry": {
    "S_ref": 0.2633439481771778,
    "b": 1.3043511022832472,
    "c_mac": 0.20399233144660525,
    "AR": 6.460493243926251,
    "taper": 0.7,
    "dihedral_deg": 10.0
  },
  "mission": {
    "climb": {
      "velocity": 12.0,
      "alpha": 7.0,
      "CL": 1.1300546601215542,
      "CD": 0.10140895359865364,
      "CM": -0.5774660068766576,
      "L": 26.24770752618423,
      "D": 2.3554192983085764,
      "Re_mac": 165673.32995939764
    },
    "cruise": {
      "velocity": 18.0,
      "alpha": 4.0,
      "CL": 0.8890786921969739,
      "CD": 0.0649485062685345,
      "CM": -0.42835490750061045,
      "L": 46.46379169445339,
      "D": 3.394248329886315,
      "Re_mac": 248509.99493909648
    },
    "W": 15.696000000000002
  }
}