{
  "family": {
    "name": "wingA",
    "AR": 7.5,
    "taper": 0.7,
    "dihedral_deg": 10.0,
    "twist_root_deg": 2.0,
    "twist_tip_deg": -1.0,
    "airfoil_main": "ag13",
    "tail_AR": 3.0,
    "tail_span_frac": 0.35,
    "tail_airfoil": "naca0008",
    "boom_length_m": 0.6
  },
  "geometry": {
    "S_ref": 0.2633439481771778,
    "b": 1.3043511022832472,
    "c_mac": 0.20399233144660525,
    "AR": 6.460493243926251,
    "taper": 0.7,
    "dihedral_deg": 10.0
  },
  "mission": {
    "climb": {
      "velocity": 12.0,
      "alpha": 7.0,
      "CL": 0.9035904827453078,
      "CD": 0.07545601503942215,
      "CM": -0.5204542216721727,
      "L": 20.987638520061783,
      "D": 1.752612049432258,
      "Re_mac": 165673.32995939764
    },
    "cruise": {
      "velocity": 18.0,
      "alpha": 4.0,
      "CL": 0.6529809301671253,
      "CD": 0.0407776880085619,
      "CM": -0.3717035198302829,
      "L": 34.12517945375971,
      "D": 2.131066707637917,
      "Re_mac": 248509.99493909648
    },
    "W": 15.696000000000002
  }
}