{
  "family": {
    "name": "wingA",
    "AR": 7.5,
    "taper": 0.5,
    "dihedral_deg": 10.0,
    "twist_root_deg": 2.0,
    "twist_tip_deg": -1.0,
    "airfoil_main": "ag13",
    "tail_AR": 3.0,
    "tail_span_frac": 0.35,
    "tail_airfoil": "naca0008",
    "boom_length_m": 0.6
  },
  "geometry": {
    "S_ref": 0.2473685013172897,
    "b": 1.3043507618067929,
    "c_mac": 0.19667278555273549,
    "AR": 6.877718467654585,
    "taper": 0.5,
    "dihedral_deg": 10.0
  },
  "mission": {
    "climb": {
      "velocity": 12.0,
      "alpha": 7.0,
      "CL": 0.9382765292040502,
      "CD": 0.07764516975987201,
      "CM": -0.5691449243075885,
      "L": 20.471225190604763,
      "D": 1.6940546903219005,
      "Re_mac": 159728.72638813325
    },
    "cruise": {
      "velocity": 18.0,
      "alpha": 4.0,
      "CL": 0.6837722526334415,
      "CD": 0.04216698692032175,
      "CM": -0.40570461220461945,
      "L": 33.566570713323095,
      "D": 2.069989156151854,
      "Re_mac": 239593.08958219987
    },
    "W": 15.696000000000002
  }
}