{
  "family": {
    "name": "wingA",
    "AR": 7.5,
    "taper": 0.7,
    "dihedral_deg": 10.0,
    "twist_root_deg": 3.0,
    "twist_tip_deg": -2.0,
    "airfoil_main": "ag13",
    "tail_AR": 3.0,
    "tail_span_frac": 0.35,
    "tail_airfoil": "naca0008",
    "boom_length_m": 0.6
  },
  "geometry": {
    "S_ref": 0.26334795762477436,
    "b": 1.3043709612070171,
    "c_mac": 0.20399233144660525,
    "AR": 6.460591605818707,
    "taper": 0.7,
    "dihedral_deg": 10.0
  },
  "mission": {
    "climb": {
      "velocity": 12.0,
      "alpha": 7.0,
      "CL": 0.9144642870686999,
      "CD": 0.07735066879935214,
      "CM": -0.5201480697293792,
      "L": 21.240527064653765,
      "D": 1.7966464052611815,
      "Re_mac": 165673.32995939764
    },
    "cruise": {
      "velocity": 18.0,
      "alpha": 4.0,
      "CL": 0.6654243173829939,
      "CD": 0.042051073999393646,
      "CM": -0.37135665502246507,
      "L": 34.77600787818238,
      "D": 2.1976480908305276,
      "Re_mac": 248509.99493909648
    },
    "W": 15.696000000000002
  }
}