{
  "family": {
    "name": "wingA",
    "AR": 6.5,
    "taper": 0.7,
    "dihedral_deg": 5.0,
    "twist_root_deg": 3.0,
    "twist_tip_deg": -2.0,
    "airfoil_main": "ag13",
    "tail_AR": 3.0,
    "tail_span_frac": 0.35,
    "tail_airfoil": "naca0008",
    "boom_length_m": 0.6
  },
  "geometry": {
    "S_ref": 0.25119041102370143,
    "b": 1.2004311239678223,
    "c_mac": 0.21142231226229485,
    "AR": 5.736822825034822,
    "taper": 0.7,
    "dihedral_deg": 5.0
  },
  "mission": {
    "climb": {
      "velocity": 12.0,
      "alpha": 7.0,
      "CL": 0.9010808973808101,
      "CD": 0.07989324945648983,
      "CM": -0.44633307156012336,
      "L": 19.963442102320585,
      "D": 1.7700344825053407,
      "Re_mac": 171707.62377103505
    },
    "cruise": {
      "velocity": 18.0,
      "alpha": 4.0,
      "CL": 0.6563010284053993,
      "CD": 0.04362296078140081,
      "CM": -0.324578566050798,
      "L": 32.71577740221137,
      "D": 2.1745495021046115,
      "Re_mac": 257561.4356565526
    },
    "W": 15.696000000000002
  }
}