{
  "family": {
    "name": "wingA",
    "AR": 8.5,
    "taper": 0.5,
    "dihedral_deg": 10.0,
    "twist_root_deg": 2.0,
    "twist_tip_deg": -1.0,
    "airfoil_main": "ag13",
    "tail_AR": 3.0,
    "tail_span_frac": 0.35,
    "tail_airfoil": "naca0008",
    "boom_length_m": 0.6
  },
  "geometry": {
    "S_ref": 0.25523083941869706,
    "b": 1.3885852977634905,
    "c_mac": 0.19061402558240498,
    "AR": 7.554608735983621,
    "taper": 0.5,
    "dihedral_deg": 10.0
  },
  "mission": {
    "climb": {
      "velocity": 12.0,
      "alpha": 7.0,
      "CL": 0.9656828018705866,
      "CD": 0.07705581882290519,
      "CM": -0.645775095905659,
      "L": 21.73883323418609,
      "D": 1.7346312804473845,
      "Re_mac": 154808.07602548916
    },
    "cruise": {
      "velocity": 18.0,
      "alpha": 4.0,
      "CL": 0.7021866918989791,
      "CD": 0.04151216926477676,
      "CM": -0.4562898928309504,
      "L": 35.56614922725977,
      "D": 2.102614623506315,
      "Re_mac": 232212.11403823367
    },
    "W": 15.696000000000002
  }
}