{
  "family": {
    "name": "wingA",
    "AR": 8.5,
    "taper": 0.7,
    "dihedral_deg": 10.0,
    "twist_root_deg": 3.0,
    "twist_tip_deg": -2.0,
    "airfoil_main": "ag13",
    "tail_AR": 3.0,
    "tail_span_frac": 0.35,
    "tail_airfoil": "naca0008",
    "boom_length_m": 0.6
  },
  "geometry": {
    "S_ref": 0.27171746507091576,
    "b": 1.3886031208145881,
    "c_mac": 0.1977080833817316,
    "AR": 7.096410334288841,
    "taper": 0.7,
    "dihedral_deg": 10.0
  },
  "mission": {
    "climb": {
      "velocity": 12.0,
      "alpha": 7.0,
      "CL": 0.9416370106262392,
      "CD": 0.07678510999935341,
      "CM": -0.5899615781937309,
      "L": 22.566783340208733,
      "D": 1.840192050179828,
      "Re_mac": 160569.54838184832
    },
    "cruise": {
      "velocity": 18.0,
      "alpha": 4.0,
      "CL": 0.6837839551937464,
      "CD": 0.041418317338337715,
      "CM": -0.4173876862334397,
      "L": 36.8712247256917,
      "D": 2.2333722146334294,
      "Re_mac": 240854.32257277248
    },
    "W": 15.696000000000002
  }
}