{
  "family": {
    "name": "wingA",
    "AR": 8.5,
    "taper": 0.7,
    "dihedral_deg": 5.0,
    "twist_root_deg": 2.0,
    "twist_tip_deg": -1.0,
    "airfoil_main": "naca4412",
    "tail_AR": 3.0,
    "tail_span_frac": 0.35,
    "tail_airfoil": "naca0008",
    "boom_length_m": 0.6
  },
  "geometry": {
    "S_ref": 0.26860827258859094,
    "b": 1.372713695440173,
    "c_mac": 0.1977080833817316,
    "AR": 7.015207951302141,
    "taper": 0.7,
    "dihedral_deg": 5.0
  },
  "mission": {
    "climb": {
      "velocity": 12.0,
      "alpha": 7.0,
      "CL": 1.1782714793711404,
      "CD": 0.10059906158306857,
      "CM": -0.6398191612407597,
      "L": 27.91472376419999,
      "D": 2.383317481746969,
      "Re_mac": 160569.54838184832
    },
    "cruise": {
      "velocity": 18.0,
      "alpha": 4.0,
      "CL": 0.922500259361054,
      "CD": 0.06393726578349185,
      "CM": -0.4740054513769233,
      "L": 49.17416386414924,
      "D": 3.4081958815282545,
      "Re_mac": 240854.32257277248
    },
    "W": 15.696000000000002
  }
}