{
  "family": {
    "name": "wingA",
    "AR": 8.5,
    "taper": 0.7,
    "dihedral_deg": 5.0,
    "twist_root_deg": 2.0,
    "twist_tip_deg": -1.0,
    "airfoil_main": "sg6043",
    "tail_AR": 3.0,
    "tail_span_frac": 0.35,
    "tail_airfoil": "naca0008",
    "boom_length_m": 0.6
  },
  "geometry": {
    "S_ref": 0.26860827258859094,
    "b": 1.372713695440173,
    "c_mac": 0.1977080833817316,
    "AR": 7.015207951302141,
    "taper": 0.7,
    "dihedral_deg": 5.0
  },
  "mission": {
    "climb": {
      "velocity": 12.0,
      "alpha": 7.0,
      "CL": 1.3857926260300293,
      "CD": 0.13010263233782543,
      "CM": -0.7020554899072496,
      "L": 32.831159055754924,
      "D": 3.0822939418375803,
      "Re_mac": 160569.54838184832
    },
    "cruise": {
      "velocity": 18.0,
      "alpha": 4.0,
      "CL": 1.1600476906613533,
      "CD": 0.0915610787253319,
      "CM": -0.5403258396666457,
      "L": 61.8367037320072,
      "D": 4.880691840603101,
      "Re_mac": 240854.32257277248
    },
    "W": 15.696000000000002
  }
}