{
  "family": {
    "name": "wingA",
    "AR": 6.5,
    "taper": 0.7,
    "dihedral_deg": 10.0,
    "twist_root_deg": 3.0,
    "twist_tip_deg": -2.0,
    "airfoil_main": "naca4412",
    "tail_AR": 3.0,
    "tail_span_frac": 0.35,
    "tail_airfoil": "naca0008",
    "boom_length_m": 0.6
  },
  "geometry": {
    "S_ref": 0.25409464812262855,
    "b": 1.2143103822990855,
    "c_mac": 0.21142231226229485,
    "AR": 5.803151366839176,
    "taper": 0.7,
    "dihedral_deg": 10.0
  },
  "mission": {
    "climb": {
      "velocity": 12.0,
      "alpha": 7.0,
      "CL": 1.1080088664176584,
      "CD": 0.10627226268165028,
      "CM": -0.5058060053448198,
      "L": 24.831750651170804,
      "D": 2.381683403471732,
      "Re_mac": 171707.62377103505
    },
    "cruise": {
      "velocity": 18.0,
      "alpha": 4.0,
      "CL": 0.8785715840403907,
      "CD": 0.06886014523501696,
      "CM": -0.3799802337913187,
      "L": 44.30204497633591,
      "D": 3.472278533354541,
      "Re_mac": 257561.4356565526
    },
    "W": 15.696000000000002
  }
}