{
  "family": {
    "name": "wingA",
    "AR": 7.5,
    "taper": 0.5,
    "dihedral_deg": 5.0,
    "twist_root_deg": 3.0,
    "twist_tip_deg": -2.0,
    "airfoil_main": "naca4412",
    "tail_AR": 3.0,
    "tail_span_frac": 0.35,
    "tail_airfoil": "naca0008",
    "boom_length_m": 0.6
  },
  "geometry": {
    "S_ref": 0.24454450862705926,
    "b": 1.289460114868223,
    "c_mac": 0.19667278555273549,
    "AR": 6.799201491666574,
    "taper": 0.5,
    "dihedral_deg": 5.0
  },
  "mission": {
    "climb": {
      "velocity": 12.0,
      "alpha": 7.0,
      "CL": 1.2093750316129372,
      "CD": 0.10739526585483856,
      "CM": -0.6167441726936328,
      "L": 26.084799215512888,
      "D": 2.3163897660297317,
      "Re_mac": 159728.72638813325
    },
    "cruise": {
      "velocity": 18.0,
      "alpha": 4.0,
      "CL": 0.9589141806288894,
      "CD": 0.06945926284025987,
      "CM": -0.4593425339519703,
      "L": 46.5359687679502,
      "D": 3.3708481441574745,
      "Re_mac": 239593.08958219987
    },
    "W": 15.696000000000002
  }
}