{
  "family": {
    "name": "wingA",
    "AR": 8.5,
    "taper": 0.5,
    "dihedral_deg": 10.0,
    "twist_root_deg": 2.0,
    "twist_tip_deg": -1.0,
    "airfoil_main": "sg6043",
    "tail_AR": 3.0,
    "tail_span_frac": 0.35,
    "tail_airfoil": "naca0008",
    "boom_length_m": 0.6
  },
  "geometry": {
    "S_ref": 0.25523083941869706,
    "b": 1.3885852977634905,
    "c_mac": 0.19061402558240498,
    "AR": 7.554608735983621,
    "taper": 0.5,
    "dihedral_deg": 10.0
  },
  "mission": {
    "climb": {
      "velocity": 12.0,
      "alpha": 7.0,
      "CL": 1.3873451958700778,
      "CD": 0.12548321323103045,
      "CM": -0.7649940339761483,
      "L": 31.23102719945775,
      "D": 2.824797791609373,
      "Re_mac": 154808.07602548916
    },
    "cruise": {
      "velocity": 18.0,
      "alpha": 4.0,
      "CL": 1.168307354089465,
      "CD": 0.08907237033725243,
      "CM": -0.5782070746666332,
      "L": 59.175421833299126,
      "D": 4.511565445470205,
      "Re_mac": 232212.11403823367
    },
    "W": 15.696000000000002
  }
}