{
  "family": {
    "name": "wingA",
    "AR": 8.5,
    "taper": 0.5,
    "dihedral_deg": 5.0,
    "twist_root_deg": 2.0,
    "twist_tip_deg": -1.0,
    "airfoil_main": "sg6043",
    "tail_AR": 3.0,
    "tail_span_frac": 0.35,
    "tail_airfoil": "naca0008",
    "boom_length_m": 0.6
  },
  "geometry": {
    "S_ref": 0.2523134817643538,
    "b": 1.3727133915457104,
    "c_mac": 0.19061402558240498,
    "AR": 7.468257511062342,
    "taper": 0.5,
    "dihedral_deg": 5.0
  },
  "mission": {
    "climb": {
      "velocity": 12.0,
      "alpha": 7.0,
      "CL": 1.4090267471870581,
      "CD": 0.12764458136039478,
      "CM": -0.7538614120931821,
      "L": 31.35655040330081,
      "D": 2.8406087798729986,
      "Re_mac": 154808.07602548916
    },
    "cruise": {
      "velocity": 18.0,
      "alpha": 4.0,
      "CL": 1.1862190041803062,
      "CD": 0.09049949071026389,
      "CM": -0.5757909142660924,
      "L": 59.395895892981876,
      "D": 4.531455245323033,
      "Re_mac": 232212.11403823367
    },
    "W": 15.696000000000002
  }
}