{
  "family": {
    "name": "wingA",
    "AR": 8.5,
    "taper": 0.7,
    "dihedral_deg": 5.0,
    "twist_root_deg": 2.0,
    "twist_tip_deg": -1.0,
    "airfoil_main": "ag13",
    "tail_AR": 3.0,
    "tail_span_frac": 0.35,
    "tail_airfoil": "naca0008",
    "boom_length_m": 0.6
  },
  "geometry": {
    "S_ref": 0.26860827258859094,
    "b": 1.372713695440173,
    "c_mac": 0.1977080833817316,
    "AR": 7.015207951302141,
    "taper": 0.7,
    "dihedral_deg": 5.0
  },
  "mission": {
    "climb": {
      "velocity": 12.0,
      "alpha": 7.0,
      "CL": 0.9478951806565535,
      "CD": 0.07657115434646809,
      "CM": -0.5853108430828613,
      "L": 22.456821359680475,
      "D": 1.814066333022311,
      "Re_mac": 160569.54838184832
    },
    "cruise": {
      "velocity": 18.0,
      "alpha": 4.0,
      "CL": 0.6828804835319772,
      "CD": 0.040896259564825316,
      "CM": -0.41788573983078015,
      "L": 36.40115702524495,
      "D": 2.179987863271058,
      "Re_mac": 240854.32257277248
    },
    "W": 15.696000000000002
  }
}