{
  "family": {
    "name": "wingA",
    "AR": 7.5,
    "taper": 0.5,
    "dihedral_deg": 5.0,
    "twist_root_deg": 3.0,
    "twist_tip_deg": -2.0,
    "airfoil_main": "ag13",
    "tail_AR": 3.0,
    "tail_span_frac": 0.35,
    "tail_airfoil": "naca0008",
    "boom_length_m": 0.6
  },
  "geometry": {
    "S_ref": 0.24454450862705926,
    "b": 1.289460114868223,
    "c_mac": 0.19667278555273549,
    "AR": 6.799201491666574,
    "taper": 0.5,
    "dihedral_deg": 5.0
  },
  "mission": {
    "climb": {
      "velocity": 12.0,
      "alpha": 7.0,
      "CL": 0.979797717709277,
      "CD": 0.08341632410295259,
      "CM": -0.564415257019728,
      "L": 21.133086156225602,
      "D": 1.7991921518502678,
      "Re_mac": 159728.72638813325
    },
    "cruise": {
      "velocity": 18.0,
      "alpha": 4.0,
      "CL": 0.7217508913205709,
      "CD": 0.04558539588306145,
      "CM": -0.40556826247860756,
      "L": 35.02646807736906,
      "D": 2.212252777091617,
      "Re_mac": 239593.08958219987
    },
    "W": 15.696000000000002
  }
}