{
  "family": {
    "name": "wingA",
    "AR": 6.5,
    "taper": 0.5,
    "dihedral_deg": 5.0,
    "twist_root_deg": 2.0,
    "twist_tip_deg": -1.0,
    "airfoil_main": "naca4412",
    "tail_AR": 3.0,
    "tail_span_frac": 0.35,
    "tail_airfoil": "naca0008",
    "boom_length_m": 0.6
  },
  "geometry": {
    "S_ref": 0.23594767151905907,
    "b": 1.2004075475833944,
    "c_mac": 0.20383616769196822,
    "AR": 6.107194324139715,
    "taper": 0.5,
    "dihedral_deg": 5.0
  },
  "mission": {
    "climb": {
      "velocity": 12.0,
      "alpha": 7.0,
      "CL": 1.1551235357472098,
      "CD": 0.10763337260438208,
      "CM": -0.5410446836413652,
      "L": 24.03879609643996,
      "D": 2.2399134093785062,
      "Re_mac": 165546.5008327035
    },
    "cruise": {
      "velocity": 18.0,
      "alpha": 4.0,
      "CL": 0.911802238253375,
      "CD": 0.06914319684882729,
      "CM": -0.4078183344885236,
      "L": 42.69405969709733,
      "D": 3.237548286311258,
      "Re_mac": 248319.75124905526
    },
    "W": 15.696000000000002
  }
}